"Internal - All"
"Address","Content","Status Code","Status","Indexability","Indexability Status","Title 1","Title 1 Length","Title 1 Pixel Width","Title 2","Title 2 Length","Title 2 Pixel Width","Meta Description 1","Meta Description 1 Length","Meta Description 1 Pixel Width","Meta Keyword 1","Meta Keywords 1 Length","H1-1","H1-1 length","H1-2","H1-2 length","H2-1","H2-1 length","H2-2","H2-2 length","Meta Robots 1","Meta Refresh 1","Canonical Link Element 1","rel=""next"" 1","rel=""prev"" 1","Size (bytes)","Word Count","Text Ratio","Crawl Depth","Link Score","Inlinks","Unique Inlinks","% of Total","Outlinks","Unique Outlinks","External Outlinks","Unique External Outlinks","Hash","Response Time","Last Modified","Redirect URL","Redirect Type","URL Encoded Address"
"https://www.the-qrcode-generator.com/","text/html; charset=utf-8","200","OK","Indexable","","QR Code Generator","17","161","","0","0","Free Online QR Code Generator to make your own QR Codes.
              Supports Dynamic Codes, Tracking, Analytics, Free text, vCards and more.","143","859","","0","QR Code Generator","17","{{pageTitle}}","13","QR Code:","8","","0","","","","","","10708","92","5.5939484","0","","0","0","0.0","0","0","0","0","de355b07f78639b569a3c03ce22a5d7c","0.614","","","","https://www.the-qrcode-generator.com/"
"https://www.scribens.com/","text/html; charset=utf-8","200","OK","Indexable","","Free, Powerful English Grammar Checker | SCRIBENS","49","441","","0","0","Scribens is a free online Grammar Checker that corrects over 250 types of common grammar, spelling mistakes and detects stylistic elements such as repetitions, run-on sentences, redundancies and more.","200","1197","","0","English grammar check","21","OnlinePROOFREADING","18","","0","","0","","","","","","26371","368","10.006828","0","","4","1","5.88","6","2","5","5","16f36f8edf67faeb818707073738c587","0.737","Wed, 27 Mar 2019 17:06:41 GMT","","","https://www.scribens.com/"
"https://nevercenter.com/silo/","text/html; charset=UTF-8","200","OK","Indexable","","Silo - Dedicated 3D Modeling and UV Unwrapping Software for Mac and PC | Nevercenter","84","718","Nevercenter","11","98","Silo is a focused and lightning-fast standalone 3D modeler. Its deep modeling and UV mapping toolset has made it a favorite of pros for making game assets, movie characters, and objects for 3D printing.","202","1181","3D modeling,3d graphics,silo,subdivision surfaces,modeler,polygon,topology,displacement painting,3d modeling program,3d modeling software,inexpensive 3d modeling,high-polygon,uv unwrapping,topology brush,sculpting,3d modeling tutorials","235","","0","","0","","0","","0","index,follow","","","","","55584","992","10.833034","0","","0","0","0.0","24","19","31","24","ea8e713436a2584c6b922fca8189c72a","0.632","","","","https://nevercenter.com/silo/"
"https://www.blender.org/","text/html; charset=UTF-8","200","OK","Indexable","","blender.org - Home of the Blender project - Free and Open 3D Creation Software","78","645","","0","0","Home of the Blender project - Free and Open 3D Creation Software","64","387","","0","","0","","0","","0","","0","","","https://www.blender.org/","","","43108","869","13.404073","0","","1","1","5.88","94","46","12","10","89d55e0c427a32fbf043846311562aee","1.238","Wed, 04 Sep 2019 02:43:12 GMT","","","https://www.blender.org/"
"https://pixabay.com/","text/html; charset=utf-8","200","OK","Indexable","","1 million+ Stunning Free Images to Use Anywhere - Pixabay","57","481","","0","0","Find your perfect free image or video to download and use for anything. ✓ Free for commercial use ✓ No attribution required ✓ High quality images.","146","852","","0","Stunning free images & royalty free stock","41","","0","Over 1 million+ high quality stock images and videos shared by our talented community.","86","Free images and videos you can use anywhere","43","","","https://pixabay.com/","","","57286","261","2.95768","0","","3","1","5.88","131","121","5","5","ce2d0ffbc2fd1ab23674ab5149684dcb","0.337","","","","https://pixabay.com/"
"https://www.pointloma.edu/","text/html; charset=UTF-8","200","OK","Indexable","","Point Loma Nazarene University","30","258","","0","0","At PLNU, we don’t only prepare you for a career after you graduate; we help you pursue your unique God-given vocation and progress toward becoming who you are fully called to be. We believe whole-person development is vital to making a difference in the world","259","1522","University, College, Point Loma, San Diego, Higher Education, Graduate Program, MBA, Undergraduate Classes, Religious College","125","","0","","0","Secondary Menu","14","Main navigation","15","","","https://www.pointloma.edu/","","","45511","460","6.821429","0","","6","1","5.88","68","55","10","10","1386b36698866872dec646c135f05978","0.567","Tue, 03 Sep 2019 20:37:16 GMT","","","https://www.pointloma.edu/"
"https://webmasters.stackexchange.com/","text/html; charset=utf-8","200","OK","Indexable","","Webmasters Stack Exchange","25","236","","0","0","Q&A for pro webmasters","22","143","","0","Explore our Questions","21","Subscribe to RSS","16","","0","","0","","","","","","121403","1073","5.7356443","0","","20","1","5.88","264","216","31","26","4f04a91fb1249092ee9fe571352b155f","0.253","","","","https://webmasters.stackexchange.com/"
"https://www.freecodecamp.org/","text/html; charset=utf-8","200","OK","Indexable","","Learn to Code and Help Nonprofits | freeCodeCamp","48","415","","0","0","Learn to code with free online courses, programming projects, and interview preparation for developer jobs.","107","616","","0","Learn to code for free.","23","","0","As featured in:","15","Launch your developer career","28","","","https://www.freecodecamp.org/","","","14372","217","9.657667","0","","1","1","5.88","8","6","0","0","50867c1e1cee43ae60a84a7a4075c773","1.653","","","","https://www.freecodecamp.org/"
"https://www.crazyegg.com/overview","text/html; charset=utf-8","200","OK","Indexable","","Crazy Egg Tools | Heatmaps, Snapshots & A/B Testing Overview","60","520","","0","0","Use Crazy Egg to get access to your website's heatmap, snapshots that display your visitors' click behavior and the greatest A/B testing tool available!","152","877","","0","Reach your website goals faster","31","","0","Heatmaps, Scrollmaps & Click Reports","36","User Session Recordings","23","","","https://www.crazyegg.com/overview","","","30365","614","12.138881","0","","1","1","5.88","27","20","9","8","e0d1bfc8e1177a71714ef9171a3c6438","0.454","","","","https://www.crazyegg.com/overview"
"https://reactjs.org/","text/html; charset=UTF-8","200","OK","Indexable","","React – A JavaScript library for building user interfaces","57","437","","0","0","","0","0","","0","React","5","","0","","0","","0","","","https://reactjs.org/","","","69171","382","3.6800325","0","","1","1","5.88","25","17","12","11","a9cae9134855b5fd15372acbc1f0904c","0.244","","","","https://reactjs.org/"
"https://dev.wavedm.net/","text/html; charset=utf-8","200","OK","Indexable","","Dev Home","8","85","","0","0","Discover what Wave Digital Ministries has in development!","57","340","Christian, ministry, Christian ministry, developer","50","","0","","0","","0","","0","","","","","","3281","29","6.4614444","0","","1","1","5.88","6","4","1","1","3e8e27fb017706f0a518e51325870ba7","0.51","Tue, 03 Sep 2019 16:49:47 GMT","","","https://dev.wavedm.net/"
"https://getbootstrap.com/","text/html; charset=utf-8","200","OK","Indexable","","Bootstrap · The most popular HTML, CSS, and JS library in the world.","68","555","","0","0","The most popular HTML, CSS, and JS library in the world.","56","337","","0","Bootstrap","9","","0","","0","","0","","","https://getbootstrap.com/","","","22132","235","10.754487","0","","4","1","5.88","26","18","10","8","878f24555704a974a786339164e69d71","0.334","Tue, 13 Aug 2019 22:04:29 GMT","","","https://getbootstrap.com/"
"http://www.cryptowebminer.com/index.php","text/html; charset=UTF-8","200","OK","Indexable","","Cryptowebminer.com","18","170","","0","0","Monero miner for Web browsers. Mine cryptocurrency from your browser. Integrate the Web miner with your Website and monetize your traffic.","138","824","monero,mining,web mining,monero mining","38","Cryptocurrency Miner for Web browsers","37","","0","Commission Earned","17","","0","","","","","","8384","41","3.5186067","0","","3","1","5.88","8","6","0","0","c1b428dd1ca02e2d6ddfefbb533b0f48","0.568","","","","http://www.cryptowebminer.com/index.php"
"https://angularjs.org/","text/html; charset=utf-8","200","OK","Indexable","","AngularJS — Superheroic JavaScript MVW Framework","48","441","","0","0","AngularJS is what HTML would have been, had it been designed for building web-apps.
                 Declarative templates with data-binding, MVW, MVVM, MVC, dependency injection and great
                 testability story all implemented with pure client-side JavaScript!","273","1560","","0","","0","","0","AngularJS","9","","0","","","","","","34305","705","13.229719","0","","6","1","5.88","15","10","17","13","cf8828c582db0aa157b97df2e5a52591","0.666","Tue, 03 Sep 2019 11:24:48 PDT","","","https://angularjs.org/"
"https://www.codecademy.com/","text/html; charset=utf-8","200","OK","Indexable","","Learn to Code - for Free | Codecademy","37","314","","0","0","Learn the technical skills you need for the job you want. As leaders in online education and learning to code, we’ve taught over 45 million people using a tested curriculum and an interactive learning environment. Start with HTML, CSS, JavaScript, SQL, Python, Data Science, and more. ","285","1656","","0","Join the Millions Learning to Code with Codecademy","50","Join the Millions Learning to Code With Codecademy","50","Get Started For Free","20","Or, use another account:","24","","","","","","61230","235","2.3407764","0","","2","1","5.88","18","12","5","5","5810d2a3ee1245d658156d67d63dc4ed","0.438","","","","https://www.codecademy.com/"
"https://www.elastic.co/start","text/html; charset=utf-8","200","OK","Indexable","","Get Started with Elasticsearch, Kibana, and the Elastic Stack | Elastic","71","553","","0","0","New to Elasticsearch? A few steps to download and you'll be searching & analyzing with Elasticsearch, visualizing with Kibana, securing with the Elastic Stack","158","922","","0","Elastic for","11","Elastic (ELK) Stack","19","App Search","10","Site Search","11","index,follow","","","","","1049584","716","0.473594","0","","10","1","5.88","159","110","8","8","ef1697194d1b8318f1b0342a676154d9","0.29","","","","https://www.elastic.co/start"
"https://web.dev/","text/html; charset=utf-8","200","OK","Indexable","","web.dev","7","67","","0","0","Get the web&#39;s modern capabilities on your own sites and apps with useful guidance and analysis from web.dev.","112","643","","0","Let's build the future of the web","33","","0","Latest stories","14","Ready Player Web","16","","","https://web.dev/","","","34691","366","6.684731","0","","2","1","5.88","25","14","21","21","77f3ec7edf8c92b621ca6fc445e52bb2","0.532","","","","https://web.dev/"
